username,review
MovieBuff2024,Absolutely fantastic film with incredible cinematography and truly emotional depth that captivated me throughout.
CinemaLover,Boring waste of time with terrible acting and a plot that makes absolutely no sense.
FilmCritic88,Surprisingly good movie despite low expectations I had going in absolutely loved every minute of it.
PopcornKing,Terrible pacing and confusing dialogue made this incredibly difficult to sit through and understand.
ScriptWatcher,Brilliant storytelling with perfect pacing and character development that made this an unforgettable viewing experience.
ActionJunkie,Horrible special effects and laughable action sequences made this action movie an embarrassing disaster.
DramaQueen,Emotionally powerful performances by all cast members really touched my heart in unexpected profound ways.
ComedyFan42,Completely unfunny with terrible jokes that fell flat and awkward timing throughout the entire film.
SciFiNerd,Mind-bending plot with intricate world-building that left me thinking about it for days afterward.
RomanceLover,Predictable and cliche romance with zero chemistry between actors felt forced and incredibly uncomfortable.
ThrillerAddict,Kept me on edge of my seat the whole time with unexpected plot twists and tension.
AnimationFan,Poor animation quality and a shallow story made this animated film utterly disappointing and forgettable.
HorrorFanatic,Genuinely scary moments mixed with good character development made this horror film actually quite excellent.
IndieFilmBuff,Pretentious and boring indie film with no clear plot or purpose whatsoever just waste of time.
BlockbusterFan,Epic and grand scale production with impressive visuals and blockbuster entertainment value throughout the runtime.
ArtHouseViewer,Incomprehensible slow burn that was painfully dull and put me to sleep halfway through viewing.
ActionHero,Explosions bullets and incredible stunts made this one of the most entertaining movies I have seen.
SuspenseMaster,Failed to build any suspense or tension despite multiple attempts at plot twists felt very forced.
FamilyViewer,Wholesome family entertainment with humor for kids and adults both enjoyed by everyone watching today.
FantasyLover,Magical world-building with epic fantasy adventure and memorable characters that captured my imagination completely.
ClassicFilmBuff,Timeless masterpiece with exceptional direction and storytelling that holds up beautifully even after many years.
IndieWatcher,Awkward and amateurish independent film with terrible production values and unbearable dialogue throughout.
AdventureSeeker,Thrilling adventure across exotic locations with danger around every corner kept me thoroughly entertained throughout.
DocumentaryFan,Fascinating real-life story told in engaging way that educated and entertained me simultaneously quite well.
DocuDrama2024,Misleading propaganda disguised as drama with poor research and offensive inaccuracies throughout the entire film.
UserWithCommas,"This film has, many commas, throughout the review and, it should, be handled correctly."
UserWithQuotes,"This movie has ""quoted"" text inside the review which tests CSV escaping."
SimpleUser,This is a simple positive review about a great movie experience.
NegativeUser,This movie was absolutely terrible and I hated every second of it.
AnotherUser,"Review with a line
break in it to test multiline handling"
TechReviewer,"The CGI and special effects, while impressive at times, couldn't save this disaster of a film."
NewUser,Amazing cinematography and storytelling combined to create pure cinema magic.
